links;Código
https://cdn-cosmos.bluesoft.com.br/products/7898142863774;7898142863774
https://cdn-cosmos.bluesoft.com.br/products/7891000369340;7891000369340
https://cdn-cosmos.bluesoft.com.br/products/7896434920174;7896434920174
https://cdn-cosmos.bluesoft.com.br/products/40232941153;40232941153
https://cdn-cosmos.bluesoft.com.br/products/7896902200494;7896902200494
https://cdn-cosmos.bluesoft.com.br/products/7896433800453;7896433800453
https://cdn-cosmos.bluesoft.com.br/products/7896181700234;7896181700234
https://cdn-cosmos.bluesoft.com.br/products/7896433800330;7896433800330
https://cdn-cosmos.bluesoft.com.br/products/7891910020096;7891910020096
https://cdn-cosmos.bluesoft.com.br/products/7898286202231;7898286202231
https://cdn-cosmos.bluesoft.com.br/products/7896292001442;7896292001442
https://cdn-cosmos.bluesoft.com.br/products/7896902210530;7896902210530
https://cdn-cosmos.bluesoft.com.br/products/7896902210561;7896902210561
https://cdn-cosmos.bluesoft.com.br/products/7896902213463;7896902213463
https://cdn-cosmos.bluesoft.com.br/products/7896902213487;7896902213487
https://cdn-cosmos.bluesoft.com.br/products/7896213300081;7896213300081
https://cdn-cosmos.bluesoft.com.br/products/7896213300050;7896213300050
https://cdn-cosmos.bluesoft.com.br/products/7896150017240;7896150017240
https://cdn-cosmos.bluesoft.com.br/products/7898221931301;7898221931301
https://cdn-cosmos.bluesoft.com.br/products/7896718200183;7896718200183
https://cdn-cosmos.bluesoft.com.br/products/7897110000500;7897110000500
https://cdn-cosmos.bluesoft.com.br/products/7891132012015;7891132012015
https://cdn-cosmos.bluesoft.com.br/products/7891132010080;7891132010080
https://cdn-cosmos.bluesoft.com.br/products/7896044999263;7896044999263
https://cdn-cosmos.bluesoft.com.br/products/7894488000118;7894488000118
https://cdn-cosmos.bluesoft.com.br/products/7898136150019;7898136150019
https://cdn-cosmos.bluesoft.com.br/products/7896031221889;7896031221889
https://cdn-cosmos.bluesoft.com.br/products/7898521550653;7898521550653
https://cdn-cosmos.bluesoft.com.br/products/7896041101027;7896041101027
https://cdn-cosmos.bluesoft.com.br/products/7897312402096;7897312402096
https://cdn-cosmos.bluesoft.com.br/products/7896075912156;7896075912156
https://cdn-cosmos.bluesoft.com.br/products/7500435153874;7500435153874
https://cdn-cosmos.bluesoft.com.br/products/7500435201292;7500435201292
https://cdn-cosmos.bluesoft.com.br/products/7506195143872;7506195143872
https://cdn-cosmos.bluesoft.com.br/products/7500435160056;7500435160056
https://cdn-cosmos.bluesoft.com.br/products/7506195143858;7506195143858
https://cdn-cosmos.bluesoft.com.br/products/7500435156981;7500435156981
https://cdn-cosmos.bluesoft.com.br/products/7500435159975;7500435159975
https://cdn-cosmos.bluesoft.com.br/products/7897312401914;7897312401914
https://cdn-cosmos.bluesoft.com.br/products/7897312401921;7897312401921
https://cdn-cosmos.bluesoft.com.br/products/7891150028937;7891150028937
https://cdn-cosmos.bluesoft.com.br/products/7891150061965;7891150061965
https://cdn-cosmos.bluesoft.com.br/products/7897664150041;7897664150041
https://cdn-cosmos.bluesoft.com.br/products/7897664160408;7897664160408
https://cdn-cosmos.bluesoft.com.br/products/7897664160415;7897664160415
https://cdn-cosmos.bluesoft.com.br/products/7891176117981;7891176117981
https://cdn-cosmos.bluesoft.com.br/products/7896013103523;7896013103523
https://cdn-cosmos.bluesoft.com.br/products/7896013106319;7896013106319
https://cdn-cosmos.bluesoft.com.br/products/7896013108207;7896013108207
https://cdn-cosmos.bluesoft.com.br/products/7896013103127;7896013103127
https://cdn-cosmos.bluesoft.com.br/products/7896040705318;7896040705318
https://cdn-cosmos.bluesoft.com.br/products/7896098901496;7896098901496
https://cdn-cosmos.bluesoft.com.br/products/7896098900871;7896098900871
https://cdn-cosmos.bluesoft.com.br/products/7896098900413;7896098900413
https://cdn-cosmos.bluesoft.com.br/products/7896058590500;7896058590500
https://cdn-cosmos.bluesoft.com.br/products/7896058500738;7896058500738
https://cdn-cosmos.bluesoft.com.br/products/7896490288812;7896490288812
https://cdn-cosmos.bluesoft.com.br/products/7894000010014;7894000010014
https://cdn-cosmos.bluesoft.com.br/products/7896213306717;7896213306717
https://cdn-cosmos.bluesoft.com.br/products/7896902210905;7896902210905
https://cdn-cosmos.bluesoft.com.br/products/7898658621172;7898658621172
https://cdn-cosmos.bluesoft.com.br/products/7898658621042;7898658621042
https://cdn-cosmos.bluesoft.com.br/products/7898658621240;7898658621240
https://cdn-cosmos.bluesoft.com.br/products/7898658621189;7898658621189
https://cdn-cosmos.bluesoft.com.br/products/7898658621202;7898658621202
https://cdn-cosmos.bluesoft.com.br/products/7896229960279;7896229960279
https://cdn-cosmos.bluesoft.com.br/products/7898658621158;7898658621158
https://cdn-cosmos.bluesoft.com.br/products/7898658621080;7898658621080
https://cdn-cosmos.bluesoft.com.br/products/7898658621073;7898658621073
https://cdn-cosmos.bluesoft.com.br/products/7898658621097;7898658621097
https://cdn-cosmos.bluesoft.com.br/products/7897566520331;7897566520331
https://cdn-cosmos.bluesoft.com.br/products/7898902428410;7898902428410
https://cdn-cosmos.bluesoft.com.br/products/789100319543;789100319543
https://cdn-cosmos.bluesoft.com.br/products/7896079441119;7896079441119
https://cdn-cosmos.bluesoft.com.br/products/7898902428427;7898902428427
https://cdn-cosmos.bluesoft.com.br/products/7898902428489;7898902428489
https://cdn-cosmos.bluesoft.com.br/products/7898018160082;7898018160082
https://cdn-cosmos.bluesoft.com.br/products/7898911195211;7898911195211
https://cdn-cosmos.bluesoft.com.br/products/7891150068285;7891150068285
https://cdn-cosmos.bluesoft.com.br/products/7898623952782;7898623952782
https://cdn-cosmos.bluesoft.com.br/products/7898943163097;7898943163097
https://cdn-cosmos.bluesoft.com.br/products/7896114901301;7896114901301
https://cdn-cosmos.bluesoft.com.br/products/7896009301131;7896009301131
https://cdn-cosmos.bluesoft.com.br/products/7898943163059;7898943163059
https://cdn-cosmos.bluesoft.com.br/products/7898943163073;7898943163073
https://cdn-cosmos.bluesoft.com.br/products/7891000102640;7891000102640
https://cdn-cosmos.bluesoft.com.br/products/7896327501879;7896327501879
https://cdn-cosmos.bluesoft.com.br/products/7891000102626;7891000102626
https://cdn-cosmos.bluesoft.com.br/products/7896369617477;7896369617477
https://cdn-cosmos.bluesoft.com.br/products/7896369611093;7896369611093
https://cdn-cosmos.bluesoft.com.br/products/5601216120114;5601216120114
https://cdn-cosmos.bluesoft.com.br/products/5601216120152;5601216120152
https://cdn-cosmos.bluesoft.com.br/products/8424536939337;8424536939337
https://cdn-cosmos.bluesoft.com.br/products/789116700001;789116700001
https://cdn-cosmos.bluesoft.com.br/products/5601216120053;5601216120053
https://cdn-cosmos.bluesoft.com.br/products/7790070225580;7790070225580
https://cdn-cosmos.bluesoft.com.br/products/7808760900072;7808760900072
https://cdn-cosmos.bluesoft.com.br/products/5601252106103;5601252106103
https://cdn-cosmos.bluesoft.com.br/products/5601252118519;5601252118519
https://cdn-cosmos.bluesoft.com.br/products/7898350130835;7898350130835
https://cdn-cosmos.bluesoft.com.br/products/7896183001889;7896183001889
https://cdn-cosmos.bluesoft.com.br/products/7896183001872;7896183001872
https://cdn-cosmos.bluesoft.com.br/products/7896183001186;7896183001186
https://cdn-cosmos.bluesoft.com.br/products/7898075649995;7898075649995
https://cdn-cosmos.bluesoft.com.br/products/7898075649964;7898075649964
https://cdn-cosmos.bluesoft.com.br/products/7897534808157;7897534808157
https://cdn-cosmos.bluesoft.com.br/products/7896522037166;7896522037166
https://cdn-cosmos.bluesoft.com.br/products/7891331010485;7891331010485
https://cdn-cosmos.bluesoft.com.br/products/7891772156254;7891772156254
https://cdn-cosmos.bluesoft.com.br/products/7891962003894;7891962003894
https://cdn-cosmos.bluesoft.com.br/products/7896718206482;7896718206482
https://cdn-cosmos.bluesoft.com.br/products/7896718206550;7896718206550
https://cdn-cosmos.bluesoft.com.br/products/7896718206680;7896718206680
https://cdn-cosmos.bluesoft.com.br/products/7896288300023;7896288300023
https://cdn-cosmos.bluesoft.com.br/products/7898939183368;7898939183368
https://cdn-cosmos.bluesoft.com.br/products/7896532701088;7896532701088
https://cdn-cosmos.bluesoft.com.br/products/7896016441417;7896016441417
https://cdn-cosmos.bluesoft.com.br/products/7897355400042;7897355400042
https://cdn-cosmos.bluesoft.com.br/products/7891962056500;7891962056500
https://cdn-cosmos.bluesoft.com.br/products/7891962068022;7891962068022
https://cdn-cosmos.bluesoft.com.br/products/7891340365422;7891340365422
https://cdn-cosmos.bluesoft.com.br/products/7891962054476;7891962054476
https://cdn-cosmos.bluesoft.com.br/products/7891152800517;7891152800517
https://cdn-cosmos.bluesoft.com.br/products/7896016441066;7896016441066
https://cdn-cosmos.bluesoft.com.br/products/7896079846228;7896079846228
https://cdn-cosmos.bluesoft.com.br/products/7896286618502;7896286618502
https://cdn-cosmos.bluesoft.com.br/products/7891962068046;7891962068046
https://cdn-cosmos.bluesoft.com.br/products/7891962045160;7891962045160
https://cdn-cosmos.bluesoft.com.br/products/7898657830902;7898657830902
https://cdn-cosmos.bluesoft.com.br/products/7896532700791;7896532700791
https://cdn-cosmos.bluesoft.com.br/products/7891152801606;7891152801606
https://cdn-cosmos.bluesoft.com.br/products/7896532701071;7896532701071
https://cdn-cosmos.bluesoft.com.br/products/7891962050072;7891962050072
https://cdn-cosmos.bluesoft.com.br/products/7891962050065;7891962050065
https://cdn-cosmos.bluesoft.com.br/products/7622300830151;7622300830151
https://cdn-cosmos.bluesoft.com.br/products/7896022207113;7896022207113
https://cdn-cosmos.bluesoft.com.br/products/7896022207106;7896022207106
https://cdn-cosmos.bluesoft.com.br/products/7896022207076;7896022207076
https://cdn-cosmos.bluesoft.com.br/products/7891962066073;7891962066073
https://cdn-cosmos.bluesoft.com.br/products/7896058200225;7896058200225
https://cdn-cosmos.bluesoft.com.br/products/7896286618151;7896286618151
https://cdn-cosmos.bluesoft.com.br/products/7896219182995;7896219182995
https://cdn-cosmos.bluesoft.com.br/products/7896058258639;7896058258639
https://cdn-cosmos.bluesoft.com.br/products/7898657831572;7898657831572
https://cdn-cosmos.bluesoft.com.br/products/7891000089279;7891000089279
https://cdn-cosmos.bluesoft.com.br/products/7891000259405;7891000259405
https://cdn-cosmos.bluesoft.com.br/products/7891152340419;7891152340419
https://cdn-cosmos.bluesoft.com.br/products/7622300989408;7622300989408
https://cdn-cosmos.bluesoft.com.br/products/7896022207090;7896022207090
https://cdn-cosmos.bluesoft.com.br/products/7891340365415;7891340365415
https://cdn-cosmos.bluesoft.com.br/products/7898657831619;7898657831619
https://cdn-cosmos.bluesoft.com.br/products/7622210573933;7622210573933
https://cdn-cosmos.bluesoft.com.br/products/7891962068039;7891962068039
https://cdn-cosmos.bluesoft.com.br/products/7896286618144;7896286618144
https://cdn-cosmos.bluesoft.com.br/products/7896058200201;7896058200201
https://cdn-cosmos.bluesoft.com.br/products/7896219183091;7896219183091
https://cdn-cosmos.bluesoft.com.br/products/7896219183169;7896219183169
https://cdn-cosmos.bluesoft.com.br/products/7897946400482;7897946400482
https://cdn-cosmos.bluesoft.com.br/products/7908038600922;7908038600922
https://cdn-cosmos.bluesoft.com.br/products/7896016111891;7896016111891
https://cdn-cosmos.bluesoft.com.br/products/7891152342031;7891152342031
https://cdn-cosmos.bluesoft.com.br/products/7891152342123;7891152342123
https://cdn-cosmos.bluesoft.com.br/products/7891962067346;7891962067346
https://cdn-cosmos.bluesoft.com.br/products/7891962000725;7891962000725
https://cdn-cosmos.bluesoft.com.br/products/7891962015620;7891962015620
https://cdn-cosmos.bluesoft.com.br/products/7896005217023;7896005217023
https://cdn-cosmos.bluesoft.com.br/products/7897259402166;7897259402166
https://cdn-cosmos.bluesoft.com.br/products/7897259402203;7897259402203
https://cdn-cosmos.bluesoft.com.br/products/7897259402173;7897259402173
https://cdn-cosmos.bluesoft.com.br/products/7896434920662;7896434920662
https://cdn-cosmos.bluesoft.com.br/products/7908038601813;7908038601813
https://cdn-cosmos.bluesoft.com.br/products/78912854;78912854
https://cdn-cosmos.bluesoft.com.br/products/7896002100014;7896002100014
https://cdn-cosmos.bluesoft.com.br/products/7896002110921;7896002110921
https://cdn-cosmos.bluesoft.com.br/products/7897736410332;7897736410332
https://cdn-cosmos.bluesoft.com.br/products/7898475321750;7898475321750
https://cdn-cosmos.bluesoft.com.br/products/7896224817189;7896224817189
https://cdn-cosmos.bluesoft.com.br/products/7896045109067;7896045109067
https://cdn-cosmos.bluesoft.com.br/products/7896005801819;7896005801819
https://cdn-cosmos.bluesoft.com.br/products/7897343302501;7897343302501
https://cdn-cosmos.bluesoft.com.br/products/7896224808101;7896224808101
https://cdn-cosmos.bluesoft.com.br/products/7896089012118;7896089012118
https://cdn-cosmos.bluesoft.com.br/products/7891008116632;7891008116632
https://cdn-cosmos.bluesoft.com.br/products/7891700080378;7891700080378
https://cdn-cosmos.bluesoft.com.br/products/7897110000012;7897110000012
https://cdn-cosmos.bluesoft.com.br/products/7896369610218;7896369610218
https://cdn-cosmos.bluesoft.com.br/products/7892300020528;7892300020528
https://cdn-cosmos.bluesoft.com.br/products/7896224800679;7896224800679
https://cdn-cosmos.bluesoft.com.br/products/7896037518952;7896037518952
https://cdn-cosmos.bluesoft.com.br/products/7896031217080;7896031217080
https://cdn-cosmos.bluesoft.com.br/products/7896031225085;7896031225085
https://cdn-cosmos.bluesoft.com.br/products/7896860541844;7896860541844
https://cdn-cosmos.bluesoft.com.br/products/7899567247309;7899567247309
https://cdn-cosmos.bluesoft.com.br/products/7896860541905;7896860541905
https://cdn-cosmos.bluesoft.com.br/products/7896860546535;7896860546535
https://cdn-cosmos.bluesoft.com.br/products/7896031253347;7896031253347
https://cdn-cosmos.bluesoft.com.br/products/7896041111019;7896041111019
https://cdn-cosmos.bluesoft.com.br/products/7896860546283;7896860546283
https://cdn-cosmos.bluesoft.com.br/products/7899567248566;7899567248566
https://cdn-cosmos.bluesoft.com.br/products/7899567247262;7899567247262
https://cdn-cosmos.bluesoft.com.br/products/7896041104011;7896041104011
https://cdn-cosmos.bluesoft.com.br/products/7896041104158;7896041104158
https://cdn-cosmos.bluesoft.com.br/products/7898430866852;7898430866852
https://cdn-cosmos.bluesoft.com.br/products/7899567245855;7899567245855
https://cdn-cosmos.bluesoft.com.br/products/7897110000197;7897110000197
https://cdn-cosmos.bluesoft.com.br/products/7891032015017;7891032015017
https://cdn-cosmos.bluesoft.com.br/products/7898366930764;7898366930764
https://cdn-cosmos.bluesoft.com.br/products/7896945402282;7896945402282
https://cdn-cosmos.bluesoft.com.br/products/7896061599040;7896061599040
https://cdn-cosmos.bluesoft.com.br/products/7898212283372;7898212283372
https://cdn-cosmos.bluesoft.com.br/products/7898212280661;7898212280661
https://cdn-cosmos.bluesoft.com.br/products/7896279104104;7896279104104
https://cdn-cosmos.bluesoft.com.br/products/7896440501497;7896440501497
https://cdn-cosmos.bluesoft.com.br/products/7896360400061;7896360400061
https://cdn-cosmos.bluesoft.com.br/products/7891000070673;7891000070673
https://cdn-cosmos.bluesoft.com.br/products/7896029017593;7896029017593
https://cdn-cosmos.bluesoft.com.br/products/7897736410387;7897736410387
https://cdn-cosmos.bluesoft.com.br/products/7897736410325;7897736410325
https://cdn-cosmos.bluesoft.com.br/products/7896028030661;7896028030661
https://cdn-cosmos.bluesoft.com.br/products/7896004400020;7896004400020
https://cdn-cosmos.bluesoft.com.br/products/7896004401058;7896004401058
https://cdn-cosmos.bluesoft.com.br/products/7896002909570;7896002909570
https://cdn-cosmos.bluesoft.com.br/products/7896002909488;7896002909488
https://cdn-cosmos.bluesoft.com.br/products/7909189157754;7909189157754
https://cdn-cosmos.bluesoft.com.br/products/7909189080915;7909189080915
https://cdn-cosmos.bluesoft.com.br/products/7909189080922;7909189080922
https://cdn-cosmos.bluesoft.com.br/products/7909189152780;7909189152780
https://cdn-cosmos.bluesoft.com.br/products/7898939183733;7898939183733
https://cdn-cosmos.bluesoft.com.br/products/7896002905442;7896002905442
https://cdn-cosmos.bluesoft.com.br/products/7896279113106;7896279113106
https://cdn-cosmos.bluesoft.com.br/products/7896279102490;7896279102490
https://cdn-cosmos.bluesoft.com.br/products/7896279102476;7896279102476
https://cdn-cosmos.bluesoft.com.br/products/7896279117111;7896279117111
https://cdn-cosmos.bluesoft.com.br/products/7896279117104;7896279117104
https://cdn-cosmos.bluesoft.com.br/products/7896279113700;7896279113700
https://cdn-cosmos.bluesoft.com.br/products/7896279113113;7896279113113
https://cdn-cosmos.bluesoft.com.br/products/7896279113090;7896279113090
https://cdn-cosmos.bluesoft.com.br/products/7896279113120;7896279113120
https://cdn-cosmos.bluesoft.com.br/products/7898639302007;7898639302007
https://cdn-cosmos.bluesoft.com.br/products/7896049508125;7896049508125
https://cdn-cosmos.bluesoft.com.br/products/7896020153757;7896020153757
https://cdn-cosmos.bluesoft.com.br/products/7898286200022;7898286200022
https://cdn-cosmos.bluesoft.com.br/products/7898239269908;7898239269908
https://cdn-cosmos.bluesoft.com.br/products/7898239260721;7898239260721
https://cdn-cosmos.bluesoft.com.br/products/7891030300511;7891030300511
https://cdn-cosmos.bluesoft.com.br/products/7896085871641;7896085871641
https://cdn-cosmos.bluesoft.com.br/products/7896085871740;7896085871740
https://cdn-cosmos.bluesoft.com.br/products/7898623957336;7898623957336
https://cdn-cosmos.bluesoft.com.br/products/7898416830495;7898416830495
https://cdn-cosmos.bluesoft.com.br/products/7908038600489;7908038600489
https://cdn-cosmos.bluesoft.com.br/products/7896235353454;7896235353454
https://cdn-cosmos.bluesoft.com.br/products/7896235353393;7896235353393
https://cdn-cosmos.bluesoft.com.br/products/7896279102391;7896279102391
https://cdn-cosmos.bluesoft.com.br/products/7891024174630;7891024174630
https://cdn-cosmos.bluesoft.com.br/products/7891024174685;7891024174685
https://cdn-cosmos.bluesoft.com.br/products/7898623956919;7898623956919
https://cdn-cosmos.bluesoft.com.br/products/7891150078307;7891150078307
https://cdn-cosmos.bluesoft.com.br/products/7891150063457;7891150063457
https://cdn-cosmos.bluesoft.com.br/products/7898524348509;7898524348509
https://cdn-cosmos.bluesoft.com.br/products/7898639301963;7898639301963
https://cdn-cosmos.bluesoft.com.br/products/7896020153894;7896020153894
https://cdn-cosmos.bluesoft.com.br/products/7896020159285;7896020159285
https://cdn-cosmos.bluesoft.com.br/products/7896020161028;7896020161028
https://cdn-cosmos.bluesoft.com.br/products/7896020161073;7896020161073
https://cdn-cosmos.bluesoft.com.br/products/7896020153788;7896020153788
https://cdn-cosmos.bluesoft.com.br/products/7896369610522;7896369610522
https://cdn-cosmos.bluesoft.com.br/products/7896002111911;7896002111911
https://cdn-cosmos.bluesoft.com.br/products/7896022610005;7896022610005
https://cdn-cosmos.bluesoft.com.br/products/7899970400681;7899970400681
https://cdn-cosmos.bluesoft.com.br/products/7891962054810;7891962054810
https://cdn-cosmos.bluesoft.com.br/products/7891962054100;7891962054100
https://cdn-cosmos.bluesoft.com.br/products/7891962054117;7891962054117
https://cdn-cosmos.bluesoft.com.br/products/7898206900261;7898206900261
https://cdn-cosmos.bluesoft.com.br/products/7896336800789;7896336800789
https://cdn-cosmos.bluesoft.com.br/products/7896741649805;7896741649805
https://cdn-cosmos.bluesoft.com.br/products/7896741609960;7896741609960
https://cdn-cosmos.bluesoft.com.br/products/7896718201043;7896718201043
https://cdn-cosmos.bluesoft.com.br/products/7896718201111;7896718201111
https://cdn-cosmos.bluesoft.com.br/products/7896718200893;7896718200893
https://cdn-cosmos.bluesoft.com.br/products/7898489520538;7898489520538
https://cdn-cosmos.bluesoft.com.br/products/7894488000101;7894488000101
https://cdn-cosmos.bluesoft.com.br/products/7898921667463;7898921667463
https://cdn-cosmos.bluesoft.com.br/products/7896382504624;7896382504624
https://cdn-cosmos.bluesoft.com.br/products/7896532701064;7896532701064
https://cdn-cosmos.bluesoft.com.br/products/7896022205164;7896022205164
https://cdn-cosmos.bluesoft.com.br/products/7896532701095;7896532701095
https://cdn-cosmos.bluesoft.com.br/products/7898657830964;7898657830964
https://cdn-cosmos.bluesoft.com.br/products/7896434921058;7896434921058
https://cdn-cosmos.bluesoft.com.br/products/7896434921188;7896434921188
https://cdn-cosmos.bluesoft.com.br/products/7891030003467;7891030003467
https://cdn-cosmos.bluesoft.com.br/products/7898524344907;7898524344907
https://cdn-cosmos.bluesoft.com.br/products/7898395840522;7898395840522
https://cdn-cosmos.bluesoft.com.br/products/7896085863974;7896085863974
https://cdn-cosmos.bluesoft.com.br/products/7896013548485;7896013548485
https://cdn-cosmos.bluesoft.com.br/products/7896085867262;7896085867262
https://cdn-cosmos.bluesoft.com.br/products/7896085873690;7896085873690
https://cdn-cosmos.bluesoft.com.br/products/7896085812842;7896085812842
https://cdn-cosmos.bluesoft.com.br/products/7896085873706;7896085873706
https://cdn-cosmos.bluesoft.com.br/products/7896085812866;7896085812866
https://cdn-cosmos.bluesoft.com.br/products/7896085869884;7896085869884
https://cdn-cosmos.bluesoft.com.br/products/7896085873652;7896085873652
https://cdn-cosmos.bluesoft.com.br/products/7896085873669;7896085873669
https://cdn-cosmos.bluesoft.com.br/products/7898623954915;7898623954915
https://cdn-cosmos.bluesoft.com.br/products/7898623957015;7898623957015
https://cdn-cosmos.bluesoft.com.br/products/7898623956971;7898623956971
https://cdn-cosmos.bluesoft.com.br/products/7898524346987;7898524346987
https://cdn-cosmos.bluesoft.com.br/products/7898623956032;7898623956032
https://cdn-cosmos.bluesoft.com.br/products/7891176113044;7891176113044
https://cdn-cosmos.bluesoft.com.br/products/7891176113068;7891176113068
https://cdn-cosmos.bluesoft.com.br/products/7891176113020;7891176113020
https://cdn-cosmos.bluesoft.com.br/products/7898919412204;7898919412204
https://cdn-cosmos.bluesoft.com.br/products/7896000712837;7896000712837
https://cdn-cosmos.bluesoft.com.br/products/7896085871962;7896085871962
https://cdn-cosmos.bluesoft.com.br/products/7898524344587;7898524344587
https://cdn-cosmos.bluesoft.com.br/products/7898623950764;7898623950764
https://cdn-cosmos.bluesoft.com.br/products/7898524344914;7898524344914
https://cdn-cosmos.bluesoft.com.br/products/7898623956780;7898623956780
https://cdn-cosmos.bluesoft.com.br/products/7908458307463;7908458307463
https://cdn-cosmos.bluesoft.com.br/products/7898623955561;7898623955561
https://cdn-cosmos.bluesoft.com.br/products/7891150067486;7891150067486
https://cdn-cosmos.bluesoft.com.br/products/7891037000322;7891037000322
https://cdn-cosmos.bluesoft.com.br/products/7891037144705;7891037144705
https://cdn-cosmos.bluesoft.com.br/products/7891150070325;7891150070325
https://cdn-cosmos.bluesoft.com.br/products/7891037010048;7891037010048
https://cdn-cosmos.bluesoft.com.br/products/7898422745301;7898422745301
https://cdn-cosmos.bluesoft.com.br/products/7896020162100;7896020162100
https://cdn-cosmos.bluesoft.com.br/products/7897042005048;7897042005048
https://cdn-cosmos.bluesoft.com.br/products/7897042012732;7897042012732
https://cdn-cosmos.bluesoft.com.br/products/7897042005062;7897042005062
https://cdn-cosmos.bluesoft.com.br/products/7897042005864;7897042005864
https://cdn-cosmos.bluesoft.com.br/products/7897042012183;7897042012183
https://cdn-cosmos.bluesoft.com.br/products/7897042004904;7897042004904
https://cdn-cosmos.bluesoft.com.br/products/7897042005024;7897042005024
https://cdn-cosmos.bluesoft.com.br/products/7897042013180;7897042013180
https://cdn-cosmos.bluesoft.com.br/products/7897042006021;7897042006021
https://cdn-cosmos.bluesoft.com.br/products/7897042012312;7897042012312
https://cdn-cosmos.bluesoft.com.br/products/7897042008407;7897042008407
https://cdn-cosmos.bluesoft.com.br/products/7897042010721;7897042010721
https://cdn-cosmos.bluesoft.com.br/products/7897042010974;7897042010974
https://cdn-cosmos.bluesoft.com.br/products/7897042012725;7897042012725
https://cdn-cosmos.bluesoft.com.br/products/7898919412143;7898919412143
https://cdn-cosmos.bluesoft.com.br/products/7898919412129;7898919412129
https://cdn-cosmos.bluesoft.com.br/products/7898919412150;7898919412150
https://cdn-cosmos.bluesoft.com.br/products/7891150068278;7891150068278
https://cdn-cosmos.bluesoft.com.br/products/7891150068261;7891150068261
https://cdn-cosmos.bluesoft.com.br/products/7896098904336;7896098904336
https://cdn-cosmos.bluesoft.com.br/products/7891079013052;7891079013052
https://cdn-cosmos.bluesoft.com.br/products/7891079013427;7891079013427
https://cdn-cosmos.bluesoft.com.br/products/7891079013908;7891079013908
https://cdn-cosmos.bluesoft.com.br/products/7891079013038;7891079013038
https://cdn-cosmos.bluesoft.com.br/products/7891079013106;7891079013106
https://cdn-cosmos.bluesoft.com.br/products/7892300000698;7892300000698
https://cdn-cosmos.bluesoft.com.br/products/7898366930016;7898366930016
https://cdn-cosmos.bluesoft.com.br/products/7898142859166;7898142859166
https://cdn-cosmos.bluesoft.com.br/products/7896383072641;7896383072641
https://cdn-cosmos.bluesoft.com.br/products/7891000325131;7891000325131
https://cdn-cosmos.bluesoft.com.br/products/7898142865143;7898142865143
https://cdn-cosmos.bluesoft.com.br/products/7898965666620;7898965666620
https://cdn-cosmos.bluesoft.com.br/products/7898623959095;7898623959095
https://cdn-cosmos.bluesoft.com.br/products/7898416830181;7898416830181
https://cdn-cosmos.bluesoft.com.br/products/7899674035295;7899674035295
https://cdn-cosmos.bluesoft.com.br/products/7899674026989;7899674026989
https://cdn-cosmos.bluesoft.com.br/products/4005900036704;4005900036704
https://cdn-cosmos.bluesoft.com.br/products/7891134004186;7891134004186
https://cdn-cosmos.bluesoft.com.br/products/7897312402454;7897312402454
https://cdn-cosmos.bluesoft.com.br/products/7897312402492;7897312402492
https://cdn-cosmos.bluesoft.com.br/products/7897312402508;7897312402508
https://cdn-cosmos.bluesoft.com.br/products/7898906717381;7898906717381
https://cdn-cosmos.bluesoft.com.br/products/7891022860184;7891022860184
https://cdn-cosmos.bluesoft.com.br/products/7891022860191;7891022860191
https://cdn-cosmos.bluesoft.com.br/products/7896056402706;7896056402706
https://cdn-cosmos.bluesoft.com.br/products/7896098903612;7896098903612
https://cdn-cosmos.bluesoft.com.br/products/7896098903629;7896098903629
https://cdn-cosmos.bluesoft.com.br/products/7896098903605;7896098903605
https://cdn-cosmos.bluesoft.com.br/products/7896098900611;7896098900611
https://cdn-cosmos.bluesoft.com.br/products/7896098900604;7896098900604
https://cdn-cosmos.bluesoft.com.br/products/7899674022011;7899674022011
https://cdn-cosmos.bluesoft.com.br/products/7891150086142;7891150086142
https://cdn-cosmos.bluesoft.com.br/products/7899674017062;7899674017062
https://cdn-cosmos.bluesoft.com.br/products/7899674017086;7899674017086
https://cdn-cosmos.bluesoft.com.br/products/7899674032423;7899674032423
https://cdn-cosmos.bluesoft.com.br/products/7899674025029;7899674025029
https://cdn-cosmos.bluesoft.com.br/products/7899674017093;7899674017093
https://cdn-cosmos.bluesoft.com.br/products/7899674021854;7899674021854
https://cdn-cosmos.bluesoft.com.br/products/7899674027504;7899674027504
https://cdn-cosmos.bluesoft.com.br/products/7899674029225;7899674029225
https://cdn-cosmos.bluesoft.com.br/products/7899674029218;7899674029218
https://cdn-cosmos.bluesoft.com.br/products/7899674017079;7899674017079
https://cdn-cosmos.bluesoft.com.br/products/7899674024312;7899674024312
https://cdn-cosmos.bluesoft.com.br/products/7909189142194;7909189142194
https://cdn-cosmos.bluesoft.com.br/products/7909189115235;7909189115235
https://cdn-cosmos.bluesoft.com.br/products/7909189115303;7909189115303
https://cdn-cosmos.bluesoft.com.br/products/7909189188284;7909189188284
https://cdn-cosmos.bluesoft.com.br/products/7909189188277;7909189188277
https://cdn-cosmos.bluesoft.com.br/products/7791293022819;7791293022819
https://cdn-cosmos.bluesoft.com.br/products/8710908499234;8710908499234
https://cdn-cosmos.bluesoft.com.br/products/7896044953562;7896044953562
https://cdn-cosmos.bluesoft.com.br/products/7896044952794;7896044952794
https://cdn-cosmos.bluesoft.com.br/products/7896044936923;7896044936923
https://cdn-cosmos.bluesoft.com.br/products/7896044960072;7896044960072
https://cdn-cosmos.bluesoft.com.br/products/7896044994794;7896044994794
https://cdn-cosmos.bluesoft.com.br/products/7896044953500;7896044953500
https://cdn-cosmos.bluesoft.com.br/products/7896049528598;7896049528598
https://cdn-cosmos.bluesoft.com.br/products/7896049528604;7896049528604
https://cdn-cosmos.bluesoft.com.br/products/7891350034622;7891350034622
https://cdn-cosmos.bluesoft.com.br/products/7891350034639;7891350034639
https://cdn-cosmos.bluesoft.com.br/products/7891350034646;7891350034646
https://cdn-cosmos.bluesoft.com.br/products/7791293032467;7791293032467
https://cdn-cosmos.bluesoft.com.br/products/7896049508750;7896049508750
https://cdn-cosmos.bluesoft.com.br/products/7896049508514;7896049508514
https://cdn-cosmos.bluesoft.com.br/products/7896049508712;7896049508712
https://cdn-cosmos.bluesoft.com.br/products/7896049508538;7896049508538
https://cdn-cosmos.bluesoft.com.br/products/7896049508774;7896049508774
https://cdn-cosmos.bluesoft.com.br/products/7896495000051;7896495000051
https://cdn-cosmos.bluesoft.com.br/products/7896259412212;7896259412212
https://cdn-cosmos.bluesoft.com.br/products/7898961756073;7898961756073
https://cdn-cosmos.bluesoft.com.br/products/7896259412090;7896259412090
https://cdn-cosmos.bluesoft.com.br/products/7896275970857;7896275970857
https://cdn-cosmos.bluesoft.com.br/products/7896434920464;7896434920464
https://cdn-cosmos.bluesoft.com.br/products/7896434920471;7896434920471
https://cdn-cosmos.bluesoft.com.br/products/7898922012019;7898922012019
https://cdn-cosmos.bluesoft.com.br/products/78931640;78931640
https://cdn-cosmos.bluesoft.com.br/products/78931633;78931633
https://cdn-cosmos.bluesoft.com.br/products/7899659900808;7899659900808
https://cdn-cosmos.bluesoft.com.br/products/7891032013457;7891032013457
https://cdn-cosmos.bluesoft.com.br/products/7896041160109;7896041160109
https://cdn-cosmos.bluesoft.com.br/products/7891032012207;7891032012207
https://cdn-cosmos.bluesoft.com.br/products/7896041154016;7896041154016
https://cdn-cosmos.bluesoft.com.br/products/7898934202996;7898934202996
https://cdn-cosmos.bluesoft.com.br/products/7899674017123;7899674017123
https://cdn-cosmos.bluesoft.com.br/products/7896369610775;7896369610775
https://cdn-cosmos.bluesoft.com.br/products/7891032015505;7891032015505
https://cdn-cosmos.bluesoft.com.br/products/7899659901041;7899659901041
https://cdn-cosmos.bluesoft.com.br/products/7898330152277;7898330152277
https://cdn-cosmos.bluesoft.com.br/products/7898282170091;7898282170091
https://cdn-cosmos.bluesoft.com.br/products/7898922012033;7898922012033
https://cdn-cosmos.bluesoft.com.br/products/7898948313046;7898948313046
https://cdn-cosmos.bluesoft.com.br/products/7896369610485;7896369610485
https://cdn-cosmos.bluesoft.com.br/products/7898282170497;7898282170497
https://cdn-cosmos.bluesoft.com.br/products/7898948313527;7898948313527
https://cdn-cosmos.bluesoft.com.br/products/7898948313114;7898948313114
https://cdn-cosmos.bluesoft.com.br/products/7898948313206;7898948313206
https://cdn-cosmos.bluesoft.com.br/products/7896593402962;7896593402962
https://cdn-cosmos.bluesoft.com.br/products/7892020200231;7892020200231
https://cdn-cosmos.bluesoft.com.br/products/7896593400227;7896593400227
https://cdn-cosmos.bluesoft.com.br/products/7892020200194;7892020200194
https://cdn-cosmos.bluesoft.com.br/products/606529307271;606529307271
https://cdn-cosmos.bluesoft.com.br/products/7898282170060;7898282170060
https://cdn-cosmos.bluesoft.com.br/products/7898330150013;7898330150013
https://cdn-cosmos.bluesoft.com.br/products/7891000358764;7891000358764
https://cdn-cosmos.bluesoft.com.br/products/7898948313152;7898948313152
https://cdn-cosmos.bluesoft.com.br/products/7898922012101;7898922012101
https://cdn-cosmos.bluesoft.com.br/products/7898922012293;7898922012293
https://cdn-cosmos.bluesoft.com.br/products/7898922012026;7898922012026
https://cdn-cosmos.bluesoft.com.br/products/7896079461117;7896079461117
https://cdn-cosmos.bluesoft.com.br/products/7899567245718;7899567245718
https://cdn-cosmos.bluesoft.com.br/products/7896031224583;7896031224583
https://cdn-cosmos.bluesoft.com.br/products/7896041103052;7896041103052
https://cdn-cosmos.bluesoft.com.br/products/7896041103021;7896041103021
https://cdn-cosmos.bluesoft.com.br/products/7891000311677;7891000311677
https://cdn-cosmos.bluesoft.com.br/products/7896005279489;7896005279489
https://cdn-cosmos.bluesoft.com.br/products/7898093782865;7898093782865
https://cdn-cosmos.bluesoft.com.br/products/7898935308048;7898935308048
https://cdn-cosmos.bluesoft.com.br/products/7898366930023;7898366930023
https://cdn-cosmos.bluesoft.com.br/products/7909189258628;7909189258628
https://cdn-cosmos.bluesoft.com.br/products/7909189258635;7909189258635
https://cdn-cosmos.bluesoft.com.br/products/7909189242450;7909189242450
https://cdn-cosmos.bluesoft.com.br/products/7896213317638;7896213317638
https://cdn-cosmos.bluesoft.com.br/products/7908512700643;7908512700643
https://cdn-cosmos.bluesoft.com.br/products/7908512700582;7908512700582
https://cdn-cosmos.bluesoft.com.br/products/7908512700599;7908512700599
https://cdn-cosmos.bluesoft.com.br/products/7908512700872;7908512700872
https://cdn-cosmos.bluesoft.com.br/products/7908458304523;7908458304523
https://cdn-cosmos.bluesoft.com.br/products/7893694026318;7893694026318
https://cdn-cosmos.bluesoft.com.br/products/7898366930344;7898366930344
https://cdn-cosmos.bluesoft.com.br/products/7898366930351;7898366930351
https://cdn-cosmos.bluesoft.com.br/products/7891150056916;7891150056916
https://cdn-cosmos.bluesoft.com.br/products/7909189202379;7909189202379
https://cdn-cosmos.bluesoft.com.br/products/7909189172955;7909189172955
https://cdn-cosmos.bluesoft.com.br/products/7909189195688;7909189195688
https://cdn-cosmos.bluesoft.com.br/products/7898085943847;7898085943847
https://cdn-cosmos.bluesoft.com.br/products/4005808315697;4005808315697
https://cdn-cosmos.bluesoft.com.br/products/7899970402456;7899970402456
https://cdn-cosmos.bluesoft.com.br/products/7899970402463;7899970402463
https://cdn-cosmos.bluesoft.com.br/products/7896102502763;7896102502763
https://cdn-cosmos.bluesoft.com.br/products/7898946867510;7898946867510
https://cdn-cosmos.bluesoft.com.br/products/7899659900266;7899659900266
https://cdn-cosmos.bluesoft.com.br/products/7896102502909;7896102502909
https://cdn-cosmos.bluesoft.com.br/products/7898366932560;7898366932560
https://cdn-cosmos.bluesoft.com.br/products/7500435020442;7500435020442
https://cdn-cosmos.bluesoft.com.br/products/7506309889399;7506309889399
https://cdn-cosmos.bluesoft.com.br/products/7506309889412;7506309889412
https://cdn-cosmos.bluesoft.com.br/products/7506309889375;7506309889375
https://cdn-cosmos.bluesoft.com.br/products/7896002907057;7896002907057
https://cdn-cosmos.bluesoft.com.br/products/7896029018057;7896029018057
https://cdn-cosmos.bluesoft.com.br/products/7898157610257;7898157610257
https://cdn-cosmos.bluesoft.com.br/products/7898009437728;7898009437728
https://cdn-cosmos.bluesoft.com.br/products/7898623952942;7898623952942
https://cdn-cosmos.bluesoft.com.br/products/7908458306732;7908458306732
https://cdn-cosmos.bluesoft.com.br/products/7898623956872;7898623956872
https://cdn-cosmos.bluesoft.com.br/products/7898623954304;7898623954304
https://cdn-cosmos.bluesoft.com.br/products/7898623956711;7898623956711
https://cdn-cosmos.bluesoft.com.br/products/7898623954076;7898623954076
https://cdn-cosmos.bluesoft.com.br/products/7896279113519;7896279113519
https://cdn-cosmos.bluesoft.com.br/products/7896279113502;7896279113502
https://cdn-cosmos.bluesoft.com.br/products/7898416830594;7898416830594
https://cdn-cosmos.bluesoft.com.br/products/7896002907026;7896002907026
https://cdn-cosmos.bluesoft.com.br/products/7896002907040;7896002907040
https://cdn-cosmos.bluesoft.com.br/products/7896002907033;7896002907033
https://cdn-cosmos.bluesoft.com.br/products/7898157616730;7898157616730
https://cdn-cosmos.bluesoft.com.br/products/7898623955110;7898623955110
https://cdn-cosmos.bluesoft.com.br/products/7898623956759;7898623956759
https://cdn-cosmos.bluesoft.com.br/products/7896229906314;7896229906314
https://cdn-cosmos.bluesoft.com.br/products/7898157616754;7898157616754
https://cdn-cosmos.bluesoft.com.br/products/7898994844129;7898994844129
https://cdn-cosmos.bluesoft.com.br/products/7891176117257;7891176117257
https://cdn-cosmos.bluesoft.com.br/products/7896071019439;7896071019439
https://cdn-cosmos.bluesoft.com.br/products/7898933733781;7898933733781
https://cdn-cosmos.bluesoft.com.br/products/7896071019484;7896071019484
https://cdn-cosmos.bluesoft.com.br/products/7896071019446;7896071019446
https://cdn-cosmos.bluesoft.com.br/products/7896071019453;7896071019453
https://cdn-cosmos.bluesoft.com.br/products/7898933733934;7898933733934
https://cdn-cosmos.bluesoft.com.br/products/7898906717336;7898906717336
https://cdn-cosmos.bluesoft.com.br/products/7896056400740;7896056400740
https://cdn-cosmos.bluesoft.com.br/products/7896098900352;7896098900352
https://cdn-cosmos.bluesoft.com.br/products/7896040701389;7896040701389
https://cdn-cosmos.bluesoft.com.br/products/7908038600496;7908038600496
https://cdn-cosmos.bluesoft.com.br/products/7898215152699;7898215152699
https://cdn-cosmos.bluesoft.com.br/products/7896259412137;7896259412137
https://cdn-cosmos.bluesoft.com.br/products/7896354000048;7896354000048
https://cdn-cosmos.bluesoft.com.br/products/7891000065440;7891000065440
https://cdn-cosmos.bluesoft.com.br/products/7898215152002;7898215152002
https://cdn-cosmos.bluesoft.com.br/products/7896434921263;7896434921263
https://cdn-cosmos.bluesoft.com.br/products/7896434921133;7896434921133
https://cdn-cosmos.bluesoft.com.br/products/7892300002807;7892300002807
https://cdn-cosmos.bluesoft.com.br/products/7898677310002;7898677310002
https://cdn-cosmos.bluesoft.com.br/products/7898677310064;7898677310064
https://cdn-cosmos.bluesoft.com.br/products/7896235353249;7896235353249
https://cdn-cosmos.bluesoft.com.br/products/7896806700038;7896806700038
https://cdn-cosmos.bluesoft.com.br/products/7896806700014;7896806700014
https://cdn-cosmos.bluesoft.com.br/products/7891097102042;7891097102042
https://cdn-cosmos.bluesoft.com.br/products/7896259410133;7896259410133
https://cdn-cosmos.bluesoft.com.br/products/7891164027711;7891164027711
https://cdn-cosmos.bluesoft.com.br/products/7891000101506;7891000101506
https://cdn-cosmos.bluesoft.com.br/products/7891035800207;7891035800207
https://cdn-cosmos.bluesoft.com.br/products/7898970018094;7898970018094
https://cdn-cosmos.bluesoft.com.br/products/7896440503934;7896440503934
https://cdn-cosmos.bluesoft.com.br/products/7896440504924;7896440504924
https://cdn-cosmos.bluesoft.com.br/products/7896440503958;7896440503958
https://cdn-cosmos.bluesoft.com.br/products/7896440503965;7896440503965
https://cdn-cosmos.bluesoft.com.br/products/7898575690053;7898575690053
https://cdn-cosmos.bluesoft.com.br/products/7898575690299;7898575690299
https://cdn-cosmos.bluesoft.com.br/products/7909189049264;7909189049264
https://cdn-cosmos.bluesoft.com.br/products/7896050500309;7896050500309
https://cdn-cosmos.bluesoft.com.br/products/7896050500286;7896050500286
https://cdn-cosmos.bluesoft.com.br/products/7896423406054;7896423406054
https://cdn-cosmos.bluesoft.com.br/products/7896423475319;7896423475319
https://cdn-cosmos.bluesoft.com.br/products/7891152223125;7891152223125
https://cdn-cosmos.bluesoft.com.br/products/7896022200695;7896022200695
https://cdn-cosmos.bluesoft.com.br/products/7896423701005;7896423701005
https://cdn-cosmos.bluesoft.com.br/products/7896532701552;7896532701552
https://cdn-cosmos.bluesoft.com.br/products/7896022200756;7896022200756
https://cdn-cosmos.bluesoft.com.br/products/7896532700692;7896532700692
https://cdn-cosmos.bluesoft.com.br/products/7896532701576;7896532701576
https://cdn-cosmos.bluesoft.com.br/products/7896022200879;7896022200879
https://cdn-cosmos.bluesoft.com.br/products/7891079011812;7891079011812
https://cdn-cosmos.bluesoft.com.br/products/7891079013342;7891079013342
https://cdn-cosmos.bluesoft.com.br/products/7896264601410;7896264601410
https://cdn-cosmos.bluesoft.com.br/products/7896022200534;7896022200534
https://cdn-cosmos.bluesoft.com.br/products/7896532700838;7896532700838
https://cdn-cosmos.bluesoft.com.br/products/7896010602067;7896010602067
https://cdn-cosmos.bluesoft.com.br/products/7891150072046;7891150072046
https://cdn-cosmos.bluesoft.com.br/products/7896041190274;7896041190274
https://cdn-cosmos.bluesoft.com.br/products/7896102509496;7896102509496
https://cdn-cosmos.bluesoft.com.br/products/7891700206952;7891700206952
https://cdn-cosmos.bluesoft.com.br/products/7896054909191;7896054909191
https://cdn-cosmos.bluesoft.com.br/products/7898075644013;7898075644013
https://cdn-cosmos.bluesoft.com.br/products/7898903594022;7898903594022
https://cdn-cosmos.bluesoft.com.br/products/7894000030470;7894000030470
https://cdn-cosmos.bluesoft.com.br/products/7891031412251;7891031412251
https://cdn-cosmos.bluesoft.com.br/products/7891125000074;7891125000074
https://cdn-cosmos.bluesoft.com.br/products/7898524349537;7898524349537
https://cdn-cosmos.bluesoft.com.br/products/7908038601646;7908038601646
https://cdn-cosmos.bluesoft.com.br/products/7908448000619;7908448000619
https://cdn-cosmos.bluesoft.com.br/products/7898965666651;7898965666651
https://cdn-cosmos.bluesoft.com.br/products/7898965666736;7898965666736
https://cdn-cosmos.bluesoft.com.br/products/7908448000244;7908448000244
https://cdn-cosmos.bluesoft.com.br/products/7908458306510;7908458306510
https://cdn-cosmos.bluesoft.com.br/products/7908458305124;7908458305124
https://cdn-cosmos.bluesoft.com.br/products/7898524349339;7898524349339
https://cdn-cosmos.bluesoft.com.br/products/7898395840515;7898395840515
https://cdn-cosmos.bluesoft.com.br/products/7908458318001;7908458318001
https://cdn-cosmos.bluesoft.com.br/products/7898623952416;7898623952416
https://cdn-cosmos.bluesoft.com.br/products/7908458313174;7908458313174
https://cdn-cosmos.bluesoft.com.br/products/7908458313150;7908458313150
https://cdn-cosmos.bluesoft.com.br/products/7908458313105;7908458313105
https://cdn-cosmos.bluesoft.com.br/products/7908458313129;7908458313129
https://cdn-cosmos.bluesoft.com.br/products/7898524349452;7898524349452
https://cdn-cosmos.bluesoft.com.br/products/7898623956926;7898623956926
https://cdn-cosmos.bluesoft.com.br/products/7898623951082;7898623951082
https://cdn-cosmos.bluesoft.com.br/products/7908458305421;7908458305421
https://cdn-cosmos.bluesoft.com.br/products/7896111419878;7896111419878
https://cdn-cosmos.bluesoft.com.br/products/7896005206539;7896005206539
https://cdn-cosmos.bluesoft.com.br/products/7896382502064;7896382502064
https://cdn-cosmos.bluesoft.com.br/products/7896382502088;7896382502088
https://cdn-cosmos.bluesoft.com.br/products/7896382503313;7896382503313
https://cdn-cosmos.bluesoft.com.br/products/7896382502071;7896382502071
https://cdn-cosmos.bluesoft.com.br/products/7898934200152;7898934200152
https://cdn-cosmos.bluesoft.com.br/products/7896181700791;7896181700791
https://cdn-cosmos.bluesoft.com.br/products/7891331009229;7891331009229
https://cdn-cosmos.bluesoft.com.br/products/7891095029723;7891095029723
https://cdn-cosmos.bluesoft.com.br/products/7898282170138;7898282170138
https://cdn-cosmos.bluesoft.com.br/products/7898366932287;7898366932287
https://cdn-cosmos.bluesoft.com.br/products/7896041156010;7896041156010
https://cdn-cosmos.bluesoft.com.br/products/7891032013259;7891032013259
https://cdn-cosmos.bluesoft.com.br/products/7896532701590;7896532701590
https://cdn-cosmos.bluesoft.com.br/products/7891962037431;7891962037431
https://cdn-cosmos.bluesoft.com.br/products/7891079011805;7891079011805
https://cdn-cosmos.bluesoft.com.br/products/7891079000410;7891079000410
https://cdn-cosmos.bluesoft.com.br/products/7891030300306;7891030300306
https://cdn-cosmos.bluesoft.com.br/products/7896434920778;7896434920778
https://cdn-cosmos.bluesoft.com.br/products/7896259423560;7896259423560
https://cdn-cosmos.bluesoft.com.br/products/7891030300207;7891030300207
https://cdn-cosmos.bluesoft.com.br/products/7896434921270;7896434921270
https://cdn-cosmos.bluesoft.com.br/products/7896005220153;7896005220153
https://cdn-cosmos.bluesoft.com.br/products/7891048061695;7891048061695
https://cdn-cosmos.bluesoft.com.br/products/7891048061701;7891048061701
https://cdn-cosmos.bluesoft.com.br/products/7891048061756;7891048061756
https://cdn-cosmos.bluesoft.com.br/products/7898080641588;7898080641588
https://cdn-cosmos.bluesoft.com.br/products/7898080641618;7898080641618
https://cdn-cosmos.bluesoft.com.br/products/7898080641571;7898080641571
https://cdn-cosmos.bluesoft.com.br/products/7898946867534;7898946867534
https://cdn-cosmos.bluesoft.com.br/products/7896292309517;7896292309517
https://cdn-cosmos.bluesoft.com.br/products/7898946867077;7898946867077
https://cdn-cosmos.bluesoft.com.br/products/7898956768029;7898956768029
https://cdn-cosmos.bluesoft.com.br/products/7898946867527;7898946867527
https://cdn-cosmos.bluesoft.com.br/products/7898286190316;7898286190316
https://cdn-cosmos.bluesoft.com.br/products/7897518223471;7897518223471
https://cdn-cosmos.bluesoft.com.br/products/7898075643931;7898075643931
https://cdn-cosmos.bluesoft.com.br/products/7899659901072;7899659901072
https://cdn-cosmos.bluesoft.com.br/products/7898366932768;7898366932768
https://cdn-cosmos.bluesoft.com.br/products/7891032014621;7891032014621
https://cdn-cosmos.bluesoft.com.br/products/7896036095096;7896036095096
https://cdn-cosmos.bluesoft.com.br/products/7896102504361;7896102504361
https://cdn-cosmos.bluesoft.com.br/products/7898075643948;7898075643948
https://cdn-cosmos.bluesoft.com.br/products/7897518200038;7897518200038
https://cdn-cosmos.bluesoft.com.br/products/7896007811403;7896007811403
https://cdn-cosmos.bluesoft.com.br/products/7898286190323;7898286190323
https://cdn-cosmos.bluesoft.com.br/products/7898286190675;7898286190675
https://cdn-cosmos.bluesoft.com.br/products/7898075643955;7898075643955
https://cdn-cosmos.bluesoft.com.br/products/7898075644006;7898075644006
https://cdn-cosmos.bluesoft.com.br/products/7891000319505;7891000319505
https://cdn-cosmos.bluesoft.com.br/products/7896440500230;7896440500230
https://cdn-cosmos.bluesoft.com.br/products/7896440500247;7896440500247
https://cdn-cosmos.bluesoft.com.br/products/7896440500063;7896440500063
https://cdn-cosmos.bluesoft.com.br/products/7896440500070;7896440500070
https://cdn-cosmos.bluesoft.com.br/products/7891035000966;7891035000966
https://cdn-cosmos.bluesoft.com.br/products/7896360405615;7896360405615
https://cdn-cosmos.bluesoft.com.br/products/723120976917;723120976917
https://cdn-cosmos.bluesoft.com.br/products/7898963943051;7898963943051
https://cdn-cosmos.bluesoft.com.br/products/7891000061190;7891000061190
https://cdn-cosmos.bluesoft.com.br/products/7891000098950;7891000098950
https://cdn-cosmos.bluesoft.com.br/products/7891176111040;7891176111040
https://cdn-cosmos.bluesoft.com.br/products/7891176117622;7891176117622
https://cdn-cosmos.bluesoft.com.br/products/7897736407240;7897736407240
https://cdn-cosmos.bluesoft.com.br/products/7791130002950;7791130002950
https://cdn-cosmos.bluesoft.com.br/products/7791130002554;7791130002554
https://cdn-cosmos.bluesoft.com.br/products/7898024395232;7898024395232
https://cdn-cosmos.bluesoft.com.br/products/7898024394181;7898024394181
https://cdn-cosmos.bluesoft.com.br/products/7909189183975;7909189183975
https://cdn-cosmos.bluesoft.com.br/products/7896902240148;7896902240148
https://cdn-cosmos.bluesoft.com.br/products/7892300002449;7892300002449
https://cdn-cosmos.bluesoft.com.br/products/7892300002401;7892300002401
https://cdn-cosmos.bluesoft.com.br/products/7896229909599;7896229909599
https://cdn-cosmos.bluesoft.com.br/products/7896279110037;7896279110037
https://cdn-cosmos.bluesoft.com.br/products/7896279103787;7896279103787
https://cdn-cosmos.bluesoft.com.br/products/7896279119467;7896279119467
https://cdn-cosmos.bluesoft.com.br/products/7896279119443;7896279119443
https://cdn-cosmos.bluesoft.com.br/products/7896213300043;7896213300043
https://cdn-cosmos.bluesoft.com.br/products/7896050502204;7896050502204
https://cdn-cosmos.bluesoft.com.br/products/7898247780075;7898247780075
https://cdn-cosmos.bluesoft.com.br/products/7896248100816;7896248100816
https://cdn-cosmos.bluesoft.com.br/products/7908448002927;7908448002927
https://cdn-cosmos.bluesoft.com.br/products/7908448002972;7908448002972
https://cdn-cosmos.bluesoft.com.br/products/7896902211025;7896902211025
https://cdn-cosmos.bluesoft.com.br/products/7896902211162;7896902211162
https://cdn-cosmos.bluesoft.com.br/products/7896902285446;7896902285446
https://cdn-cosmos.bluesoft.com.br/products/7896902217003;7896902217003
https://cdn-cosmos.bluesoft.com.br/products/7896902211254;7896902211254
https://cdn-cosmos.bluesoft.com.br/products/7896336810429;7896336810429
https://cdn-cosmos.bluesoft.com.br/products/7896336810443;7896336810443
https://cdn-cosmos.bluesoft.com.br/products/7896336810498;7896336810498
https://cdn-cosmos.bluesoft.com.br/products/7896336810450;7896336810450
https://cdn-cosmos.bluesoft.com.br/products/7896336810467;7896336810467
https://cdn-cosmos.bluesoft.com.br/products/51000012517;51000012517
https://cdn-cosmos.bluesoft.com.br/products/192505097330;192505097330
https://cdn-cosmos.bluesoft.com.br/products/7898155900046;7898155900046
https://cdn-cosmos.bluesoft.com.br/products/7898362071218;7898362071218
https://cdn-cosmos.bluesoft.com.br/products/7891155028123;7891155028123
https://cdn-cosmos.bluesoft.com.br/products/7898357461789;7898357461789
https://cdn-cosmos.bluesoft.com.br/products/7896025529106;7896025529106
https://cdn-cosmos.bluesoft.com.br/products/7896683201208;7896683201208
https://cdn-cosmos.bluesoft.com.br/products/7891962064055;7891962064055
https://cdn-cosmos.bluesoft.com.br/products/7896181710202;7896181710202
https://cdn-cosmos.bluesoft.com.br/products/7896029014981;7896029014981
https://cdn-cosmos.bluesoft.com.br/products/7896029019009;7896029019009
https://cdn-cosmos.bluesoft.com.br/products/7896029022276;7896029022276
https://cdn-cosmos.bluesoft.com.br/products/7896029022252;7896029022252
https://cdn-cosmos.bluesoft.com.br/products/7896029022245;7896029022245
https://cdn-cosmos.bluesoft.com.br/products/7896150001751;7896150001751
https://cdn-cosmos.bluesoft.com.br/products/7898574430209;7898574430209
https://cdn-cosmos.bluesoft.com.br/products/7896902208612;7896902208612
https://cdn-cosmos.bluesoft.com.br/products/7896902208599;7896902208599
https://cdn-cosmos.bluesoft.com.br/products/7898932238126;7898932238126
https://cdn-cosmos.bluesoft.com.br/products/7896150008842;7896150008842
https://cdn-cosmos.bluesoft.com.br/products/7896150016779;7896150016779
https://cdn-cosmos.bluesoft.com.br/products/7896150012825;7896150012825
https://cdn-cosmos.bluesoft.com.br/products/7896150016755;7896150016755
https://cdn-cosmos.bluesoft.com.br/products/7896002111164;7896002111164
https://cdn-cosmos.bluesoft.com.br/products/7896102502954;7896102502954
https://cdn-cosmos.bluesoft.com.br/products/7896102502961;7896102502961
https://cdn-cosmos.bluesoft.com.br/products/7896522023251;7896522023251
https://cdn-cosmos.bluesoft.com.br/products/7908391007062;7908391007062
https://cdn-cosmos.bluesoft.com.br/products/7896279122610;7896279122610
https://cdn-cosmos.bluesoft.com.br/products/7896279122627;7896279122627
https://cdn-cosmos.bluesoft.com.br/products/7899674021953;7899674021953
https://cdn-cosmos.bluesoft.com.br/products/7896004006284;7896004006284
https://cdn-cosmos.bluesoft.com.br/products/7909189118618;7909189118618
https://cdn-cosmos.bluesoft.com.br/products/7909189258727;7909189258727
https://cdn-cosmos.bluesoft.com.br/products/7909189186099;7909189186099
https://cdn-cosmos.bluesoft.com.br/products/7908458316908;7908458316908
https://cdn-cosmos.bluesoft.com.br/products/7896213306076;7896213306076
https://cdn-cosmos.bluesoft.com.br/products/78940567;78940567
https://cdn-cosmos.bluesoft.com.br/products/7891035621109;7891035621109
https://cdn-cosmos.bluesoft.com.br/products/7891150068865;7891150068865
https://cdn-cosmos.bluesoft.com.br/products/75063559;75063559
https://cdn-cosmos.bluesoft.com.br/products/78924239;78924239
https://cdn-cosmos.bluesoft.com.br/products/7891962051574;7891962051574
https://cdn-cosmos.bluesoft.com.br/products/7896382500329;7896382500329
https://cdn-cosmos.bluesoft.com.br/products/7896532700456;7896532700456
https://cdn-cosmos.bluesoft.com.br/products/7896288300047;7896288300047
https://cdn-cosmos.bluesoft.com.br/products/7896532700432;7896532700432
https://cdn-cosmos.bluesoft.com.br/products/7896245709227;7896245709227
https://cdn-cosmos.bluesoft.com.br/products/7896382505072;7896382505072
https://cdn-cosmos.bluesoft.com.br/products/7896111426722;7896111426722
https://cdn-cosmos.bluesoft.com.br/products/7897946400680;7897946400680
https://cdn-cosmos.bluesoft.com.br/products/7897946400499;7897946400499
https://cdn-cosmos.bluesoft.com.br/products/7897946400444;7897946400444
https://cdn-cosmos.bluesoft.com.br/products/7898524349322;7898524349322
https://cdn-cosmos.bluesoft.com.br/products/7898524349360;7898524349360
https://cdn-cosmos.bluesoft.com.br/products/7898524349872;7898524349872
https://cdn-cosmos.bluesoft.com.br/products/7897751903000;7897751903000
https://cdn-cosmos.bluesoft.com.br/products/7897751903024;7897751903024
https://cdn-cosmos.bluesoft.com.br/products/7897751902980;7897751902980
https://cdn-cosmos.bluesoft.com.br/products/7908512700124;7908512700124
https://cdn-cosmos.bluesoft.com.br/products/7898566782378;7898566782378
https://cdn-cosmos.bluesoft.com.br/products/7898566782460;7898566782460
https://cdn-cosmos.bluesoft.com.br/products/7898566786598;7898566786598
https://cdn-cosmos.bluesoft.com.br/products/7898566782439;7898566782439
https://cdn-cosmos.bluesoft.com.br/products/7908512700100;7908512700100
https://cdn-cosmos.bluesoft.com.br/products/7898395840669;7898395840669
https://cdn-cosmos.bluesoft.com.br/products/7898939183511;7898939183511
https://cdn-cosmos.bluesoft.com.br/products/7890704810516;7890704810516
https://cdn-cosmos.bluesoft.com.br/products/7898566786581;7898566786581
https://cdn-cosmos.bluesoft.com.br/products/7891024023969;7891024023969
https://cdn-cosmos.bluesoft.com.br/products/7898566782385;7898566782385
https://cdn-cosmos.bluesoft.com.br/products/7898395841192;7898395841192
https://cdn-cosmos.bluesoft.com.br/products/7898566782514;7898566782514
https://cdn-cosmos.bluesoft.com.br/products/7898566783528;7898566783528
https://cdn-cosmos.bluesoft.com.br/products/7898566782453;7898566782453
https://cdn-cosmos.bluesoft.com.br/products/7898566782392;7898566782392
https://cdn-cosmos.bluesoft.com.br/products/7898566782446;7898566782446
https://cdn-cosmos.bluesoft.com.br/products/7891024023976;7891024023976
https://cdn-cosmos.bluesoft.com.br/products/7898100000890;7898100000890
https://cdn-cosmos.bluesoft.com.br/products/7891150026025;7891150026025
https://cdn-cosmos.bluesoft.com.br/products/7898639302021;7898639302021
https://cdn-cosmos.bluesoft.com.br/products/7898639301987;7898639301987
https://cdn-cosmos.bluesoft.com.br/products/7898939183702;7898939183702
https://cdn-cosmos.bluesoft.com.br/products/4796921361998;4796921361998
https://cdn-cosmos.bluesoft.com.br/products/7898087390151;7898087390151
https://cdn-cosmos.bluesoft.com.br/products/7509546655017;7509546655017
https://cdn-cosmos.bluesoft.com.br/products/4796921361011;4796921361011
https://cdn-cosmos.bluesoft.com.br/products/7896110195162;7896110195162
https://cdn-cosmos.bluesoft.com.br/products/7896369611086;7896369611086
https://cdn-cosmos.bluesoft.com.br/products/7896369612830;7896369612830
https://cdn-cosmos.bluesoft.com.br/products/7896433641117;7896433641117
https://cdn-cosmos.bluesoft.com.br/products/7898430866999;7898430866999
https://cdn-cosmos.bluesoft.com.br/products/7898430869877;7898430869877
https://cdn-cosmos.bluesoft.com.br/products/7899567219429;7899567219429
https://cdn-cosmos.bluesoft.com.br/products/7899567245220;7899567245220
https://cdn-cosmos.bluesoft.com.br/products/7896041110012;7896041110012
https://cdn-cosmos.bluesoft.com.br/products/7891022852707;7891022852707
https://cdn-cosmos.bluesoft.com.br/products/7891022505009;7891022505009
https://cdn-cosmos.bluesoft.com.br/products/7896117100367;7896117100367
https://cdn-cosmos.bluesoft.com.br/products/7896117100350;7896117100350
https://cdn-cosmos.bluesoft.com.br/products/7891167036888;7891167036888
https://cdn-cosmos.bluesoft.com.br/products/7891167036871;7891167036871
https://cdn-cosmos.bluesoft.com.br/products/7891132019281;7891132019281
https://cdn-cosmos.bluesoft.com.br/products/7891132019724;7891132019724
https://cdn-cosmos.bluesoft.com.br/products/7891132019274;7891132019274
https://cdn-cosmos.bluesoft.com.br/products/7891132019403;7891132019403
https://cdn-cosmos.bluesoft.com.br/products/7891132001101;7891132001101
https://cdn-cosmos.bluesoft.com.br/products/7891150083639;7891150083639
https://cdn-cosmos.bluesoft.com.br/products/7898952577243;7898952577243
https://cdn-cosmos.bluesoft.com.br/products/7891032012658;7891032012658
https://cdn-cosmos.bluesoft.com.br/products/7896041160017;7896041160017
https://cdn-cosmos.bluesoft.com.br/products/7896085871504;7896085871504
https://cdn-cosmos.bluesoft.com.br/products/7896020162636;7896020162636
https://cdn-cosmos.bluesoft.com.br/products/7898087390069;7898087390069
https://cdn-cosmos.bluesoft.com.br/products/7891024181072;7891024181072
https://cdn-cosmos.bluesoft.com.br/products/7891024180877;7891024180877
https://cdn-cosmos.bluesoft.com.br/products/7908458306503;7908458306503
https://cdn-cosmos.bluesoft.com.br/products/7896044956358;7896044956358
https://cdn-cosmos.bluesoft.com.br/products/7896044997726;7896044997726
https://cdn-cosmos.bluesoft.com.br/products/7896085871627;7896085871627
https://cdn-cosmos.bluesoft.com.br/products/7896018700710;7896018700710
https://cdn-cosmos.bluesoft.com.br/products/7898574430568;7898574430568
https://cdn-cosmos.bluesoft.com.br/products/7891176117608;7891176117608
https://cdn-cosmos.bluesoft.com.br/products/7891024174135;7891024174135
https://cdn-cosmos.bluesoft.com.br/products/7501007413921;7501007413921
https://cdn-cosmos.bluesoft.com.br/products/7898623956902;7898623956902
https://cdn-cosmos.bluesoft.com.br/products/7891150060685;7891150060685
https://cdn-cosmos.bluesoft.com.br/products/7891150073999;7891150073999
https://cdn-cosmos.bluesoft.com.br/products/7896279102353;7896279102353
https://cdn-cosmos.bluesoft.com.br/products/7896279102339;7896279102339
https://cdn-cosmos.bluesoft.com.br/products/7898639301949;7898639301949
https://cdn-cosmos.bluesoft.com.br/products/7896115704444;7896115704444
https://cdn-cosmos.bluesoft.com.br/products/7896020159261;7896020159261
https://cdn-cosmos.bluesoft.com.br/products/7896020161103;7896020161103
https://cdn-cosmos.bluesoft.com.br/products/7896020162216;7896020162216
https://cdn-cosmos.bluesoft.com.br/products/7898514350130;7898514350130
https://cdn-cosmos.bluesoft.com.br/products/7898911520570;7898911520570
https://cdn-cosmos.bluesoft.com.br/products/7898623955882;7898623955882
https://cdn-cosmos.bluesoft.com.br/products/7896005400050;7896005400050
https://cdn-cosmos.bluesoft.com.br/products/7896005400081;7896005400081
https://cdn-cosmos.bluesoft.com.br/products/7896005400043;7896005400043
https://cdn-cosmos.bluesoft.com.br/products/7896267774777;7896267774777
https://cdn-cosmos.bluesoft.com.br/products/7891141007477;7891141007477
https://cdn-cosmos.bluesoft.com.br/products/7891141036170;7891141036170
https://cdn-cosmos.bluesoft.com.br/products/7622210571694;7622210571694
https://cdn-cosmos.bluesoft.com.br/products/7622210571755;7622210571755
https://cdn-cosmos.bluesoft.com.br/products/7622210571496;7622210571496
https://cdn-cosmos.bluesoft.com.br/products/7622210571816;7622210571816
https://cdn-cosmos.bluesoft.com.br/products/7622210571601;7622210571601
https://cdn-cosmos.bluesoft.com.br/products/7622210571571;7622210571571
https://cdn-cosmos.bluesoft.com.br/products/7622210571847;7622210571847
https://cdn-cosmos.bluesoft.com.br/products/7622210571526;7622210571526
https://cdn-cosmos.bluesoft.com.br/products/7622210571724;7622210571724
https://cdn-cosmos.bluesoft.com.br/products/7622210571632;7622210571632
https://cdn-cosmos.bluesoft.com.br/products/7622210571786;7622210571786
https://cdn-cosmos.bluesoft.com.br/products/7896490290587;7896490290587
https://cdn-cosmos.bluesoft.com.br/products/7896490290648;7896490290648
https://cdn-cosmos.bluesoft.com.br/products/7896490290686;7896490290686
https://cdn-cosmos.bluesoft.com.br/products/7896490290723;7896490290723
https://cdn-cosmos.bluesoft.com.br/products/7896490290730;7896490290730
https://cdn-cosmos.bluesoft.com.br/products/7896005400036;7896005400036
https://cdn-cosmos.bluesoft.com.br/products/7896267780716;7896267780716
https://cdn-cosmos.bluesoft.com.br/products/7898366932683;7898366932683
https://cdn-cosmos.bluesoft.com.br/products/7896411800161;7896411800161
https://cdn-cosmos.bluesoft.com.br/products/7896049508118;7896049508118
https://cdn-cosmos.bluesoft.com.br/products/7898639302038;7898639302038
https://cdn-cosmos.bluesoft.com.br/products/7896806700076;7896806700076
https://cdn-cosmos.bluesoft.com.br/products/7896806700069;7896806700069
https://cdn-cosmos.bluesoft.com.br/products/7896512904089;7896512904089
https://cdn-cosmos.bluesoft.com.br/products/7896512909190;7896512909190
https://cdn-cosmos.bluesoft.com.br/products/7896115700408;7896115700408
https://cdn-cosmos.bluesoft.com.br/products/7898948313091;7898948313091
https://cdn-cosmos.bluesoft.com.br/products/7898282170015;7898282170015
https://cdn-cosmos.bluesoft.com.br/products/7898966357022;7898966357022
https://cdn-cosmos.bluesoft.com.br/products/7896490290907;7896490290907
https://cdn-cosmos.bluesoft.com.br/products/7898286200015;7898286200015
https://cdn-cosmos.bluesoft.com.br/products/7896071018043;7896071018043
https://cdn-cosmos.bluesoft.com.br/products/7896020162490;7896020162490
https://cdn-cosmos.bluesoft.com.br/products/7896000706058;7896000706058
https://cdn-cosmos.bluesoft.com.br/products/7896000705891;7896000705891
https://cdn-cosmos.bluesoft.com.br/products/7896000706089;7896000706089
https://cdn-cosmos.bluesoft.com.br/products/7896000706041;7896000706041
https://cdn-cosmos.bluesoft.com.br/products/7896013567394;7896013567394
https://cdn-cosmos.bluesoft.com.br/products/7896013567387;7896013567387
https://cdn-cosmos.bluesoft.com.br/products/7896013544517;7896013544517
https://cdn-cosmos.bluesoft.com.br/products/7896013564805;7896013564805
https://cdn-cosmos.bluesoft.com.br/products/7896013566076;7896013566076
https://cdn-cosmos.bluesoft.com.br/products/7896013544197;7896013544197
https://cdn-cosmos.bluesoft.com.br/products/7896013562832;7896013562832
https://cdn-cosmos.bluesoft.com.br/products/7896013563846;7896013563846
https://cdn-cosmos.bluesoft.com.br/products/7896013503958;7896013503958
https://cdn-cosmos.bluesoft.com.br/products/7896013544388;7896013544388
https://cdn-cosmos.bluesoft.com.br/products/7896013562566;7896013562566
https://cdn-cosmos.bluesoft.com.br/products/7896013544395;7896013544395
https://cdn-cosmos.bluesoft.com.br/products/7896013544159;7896013544159
https://cdn-cosmos.bluesoft.com.br/products/7896013544142;7896013544142
https://cdn-cosmos.bluesoft.com.br/products/7896013544210;7896013544210
https://cdn-cosmos.bluesoft.com.br/products/7896013557166;7896013557166
https://cdn-cosmos.bluesoft.com.br/products/7896013557159;7896013557159
https://cdn-cosmos.bluesoft.com.br/products/7896013553021;7896013553021
https://cdn-cosmos.bluesoft.com.br/products/7896013557173;7896013557173
https://cdn-cosmos.bluesoft.com.br/products/7896013544173;7896013544173
https://cdn-cosmos.bluesoft.com.br/products/7896013544128;7896013544128
https://cdn-cosmos.bluesoft.com.br/products/7896013566045;7896013566045
https://cdn-cosmos.bluesoft.com.br/products/7896013566052;7896013566052
https://cdn-cosmos.bluesoft.com.br/products/7896013553038;7896013553038
https://cdn-cosmos.bluesoft.com.br/products/7896013544296;7896013544296
https://cdn-cosmos.bluesoft.com.br/products/7896013544456;7896013544456
https://cdn-cosmos.bluesoft.com.br/products/7896013544302;7896013544302
https://cdn-cosmos.bluesoft.com.br/products/7896013562955;7896013562955
https://cdn-cosmos.bluesoft.com.br/products/7896013544104;7896013544104
https://cdn-cosmos.bluesoft.com.br/products/7896013563839;7896013563839
https://cdn-cosmos.bluesoft.com.br/products/7896013502272;7896013502272
https://cdn-cosmos.bluesoft.com.br/products/7891962053189;7891962053189
https://cdn-cosmos.bluesoft.com.br/products/7891962053233;7891962053233
https://cdn-cosmos.bluesoft.com.br/products/7896079846129;7896079846129
https://cdn-cosmos.bluesoft.com.br/products/7897801301244;7897801301244
https://cdn-cosmos.bluesoft.com.br/products/7896013101628;7896013101628
https://cdn-cosmos.bluesoft.com.br/products/7897518200052;7897518200052
https://cdn-cosmos.bluesoft.com.br/products/7898908593716;7898908593716
https://cdn-cosmos.bluesoft.com.br/products/7898908593310;7898908593310
https://cdn-cosmos.bluesoft.com.br/products/7896369635273;7896369635273
https://cdn-cosmos.bluesoft.com.br/products/7898908593648;7898908593648
https://cdn-cosmos.bluesoft.com.br/products/7898286190484;7898286190484
https://cdn-cosmos.bluesoft.com.br/products/7896336800758;7896336800758
https://cdn-cosmos.bluesoft.com.br/products/7897015200043;7897015200043
https://cdn-cosmos.bluesoft.com.br/products/7896072902921;7896072902921
https://cdn-cosmos.bluesoft.com.br/products/7896267701896;7896267701896
https://cdn-cosmos.bluesoft.com.br/products/7898620191375;7898620191375
https://cdn-cosmos.bluesoft.com.br/products/7891962048192;7891962048192
https://cdn-cosmos.bluesoft.com.br/products/7891962048208;7891962048208
https://cdn-cosmos.bluesoft.com.br/products/7622210833389;7622210833389
https://cdn-cosmos.bluesoft.com.br/products/7622300807399;7622300807399
https://cdn-cosmos.bluesoft.com.br/products/7891962064116;7891962064116
https://cdn-cosmos.bluesoft.com.br/products/7891152801330;7891152801330
https://cdn-cosmos.bluesoft.com.br/products/7899970400674;7899970400674
https://cdn-cosmos.bluesoft.com.br/products/7896058257250;7896058257250
https://cdn-cosmos.bluesoft.com.br/products/7896058257236;7896058257236
https://cdn-cosmos.bluesoft.com.br/products/7891962054568;7891962054568
https://cdn-cosmos.bluesoft.com.br/products/7896029046609;7896029046609
